[
  {
    "id": "q0040",
    "question": "When was Johann Tetzel sent by the Roman Catholic Church to Germany to sell indulgences?",
    "context": "In 1516, Johann Tetzel, a Dominican friar and papal commissioner for indulgences, was sent to Germany by the Roman Catholic Church to sell indulgences to raise money to rebuild St. Peter's Basilica in Rome. Roman Catholic theology stated that faith alone, whether fiduciary or dogmatic, cannot justify man; justification rather depends only on such faith as is active in charity and good works (fides caritate formata). The benefits of good works could be obtained by donating money to the church.",
    "answers": {
      "text": [
        "1516",
        "1516",
        "1516"
      ],
      "answer_start": [
        3,
        3,
        3
      ]
    }
  },
  {
    "id": "q0041",
    "question": "Why was Tetzel seeking money in Germany?",
    "context": "In 1516, Johann Tetzel, a Dominican friar and papal commissioner for indulgences, was sent to Germany by the Roman Catholic Church to sell indulgences to raise money to rebuild St. Peter's Basilica in Rome. Roman Catholic theology stated that faith alone, whether fiduciary or dogmatic, cannot justify man; justification rather depends only on such faith as is active in charity and good works (fides caritate formata). The benefits of good works could be obtained by donating money to the church.",
    "answers": {
      "text": [
        "rebuild St. Peter's Basilica",
        "rebuild St. Peter's Basilica",
        "rebuild St. Peter's Basilica"
      ],
      "answer_start": [
        169,
        169,
        169
      ]
    }
  },
  {
    "id": "q0042",
    "question": "What theology states that faith alone isn't enough to justify man?",
    "context": "In 1516, Johann Tetzel, a Dominican friar and papal commissioner for indulgences, was sent to Germany by the Roman Catholic Church to sell indulgences to raise money to rebuild St. Peter's Basilica in Rome. Roman Catholic theology stated that faith alone, whether fiduciary or dogmatic, cannot justify man; justification rather depends only on such faith as is active in charity and good works (fides caritate formata). The benefits of good works could be obtained by donating money to the church.",
    "answers": {
      "text": [
        "Roman Catholic",
        "Roman Catholic",
        "Roman Catholic"
      ],
      "answer_start": [
        207,
        207,
        207
      ]
    }
  },
  {
    "id": "q0043",
    "question": "What does man's justification depend on in faith?",
    "context": "In 1516, Johann Tetzel, a Dominican friar and papal commissioner for indulgences, was sent to Germany by the Roman Catholic Church to sell indulgences to raise money to rebuild St. Peter's Basilica in Rome. Roman Catholic theology stated that faith alone, whether fiduciary or dogmatic, cannot justify man; justification rather depends only on such faith as is active in charity and good works (fides caritate formata). The benefits of good works could be obtained by donating money to the church.",
    "answers": {
      "text": [
        "charity and good works",
        "charity and good works",
        "in charity and good works"
      ],
      "answer_start": [
        371,
        371,
        368
      ]
    }
  },
  {
    "id": "q0044",
    "question": "What is the Catholic doctrine of fides caritate formata?",
    "context": "In 1516, Johann Tetzel, a Dominican friar and papal commissioner for indulgences, was sent to Germany by the Roman Catholic Church to sell indulgences to raise money to rebuild St. Peter's Basilica in Rome. Roman Catholic theology stated that faith alone, whether fiduciary or dogmatic, cannot justify man; justification rather depends only on such faith as is active in charity and good works (fides caritate formata). The benefits of good works could be obtained by donating money to the church.",
    "answers": {
      "text": [
        "charity and good works",
        "benefits of good works could be obtained by donating money to the church",
        "justification rather depends only on such faith as is active in charity and good works"
      ],
      "answer_start": [
        371,
        424,
        307
      ]
    }
  }
]