[
  {
    "id": "q0050",
    "question": "What year did Roger de Tosny fail to accomplish what he set out to do?",
    "context": "The legendary religious zeal of the Normans was exercised in religious wars long before the First Crusade carved out a Norman principality in Antioch. They were major foreign participants in the Reconquista in Iberia. In 1018, Roger de Tosny travelled to the Iberian Peninsula to carve out a state for himself from Moorish lands, but failed. In 1064, during the War of Barbastro, William of Montreuil led the papal army and took a huge booty.",
    "answers": {
      "text": [
        "1018",
        "1064",
        "1018"
      ],
      "answer_start": [
        221,
        345,
        221
      ]
    }
  },
  {
    "id": "q0051",
    "question": "Who was in charge of the papal army in the War of Barbastro?",
    "context": "The legendary religious zeal of the Normans was exercised in religious wars long before the First Crusade carved out a Norman principality in Antioch. They were major foreign participants in the Reconquista in Iberia. In 1018, Roger de Tosny travelled to the Iberian Peninsula to carve out a state for himself from Moorish lands, but failed. In 1064, during the War of Barbastro, William of Montreuil led the papal army and took a huge booty.",
    "answers": {
      "text": [
        "William of Montreuil",
        "William of Montreuil",
        "William of Montreuil"
      ],
      "answer_start": [
        380,
        380,
        380
      ]
    }
  }
]