[
  {
    "id": "q0016",
    "question": "What studio does ABC own at 1500 Broadway in NYC?",
    "context": "ABC also owns the Times Square Studios at 1500 Broadway on land in Times Square owned by a development fund for the 42nd Street Project; opened in 1999, Good Morning America and Nightline are broadcast from this particular facility. ABC News has premises a little further on West 66th Street, in a six-story building occupying a 196 feet (60 m) × 379 feet (116 m) plot at 121–135 West End Avenue. The block of West End Avenue housing the ABC News building was renamed Peter Jennings Way in 2006 in honor of the recently deceased longtime ABC News chief anchor and anchor of World News Tonight.",
    "answers": {
      "text": [
        "Times Square Studios",
        "Times Square Studios",
        "Times Square Studios"
      ],
      "answer_start": [
        18,
        18,
        18
      ]
    }
  },
  {
    "id": "q0017",
    "question": "What programs are broadcast from the Times Square Studios for ABC?",
    "context": "ABC also owns the Times Square Studios at 1500 Broadway on land in Times Square owned by a development fund for the 42nd Street Project; opened in 1999, Good Morning America and Nightline are broadcast from this particular facility. ABC News has premises a little further on West 66th Street, in a six-story building occupying a 196 feet (60 m) × 379 feet (116 m) plot at 121–135 West End Avenue. The block of West End Avenue housing the ABC News building was renamed Peter Jennings Way in 2006 in honor of the recently deceased longtime ABC News chief anchor and anchor of World News Tonight.",
    "answers": {
      "text": [
        "Good Morning America and Nightline",
        "Good Morning America and Nightline",
        "Good Morning America and Nightline"
      ],
      "answer_start": [
        153,
        153,
        153
      ]
    }
  },
  {
    "id": "q0018",
    "question": "A block of West End Avenue that houses an ABC News building was renamed for what ABC anchor?",
    "context": "ABC also owns the Times Square Studios at 1500 Broadway on land in Times Square owned by a development fund for the 42nd Street Project; opened in 1999, Good Morning America and Nightline are broadcast from this particular facility. ABC News has premises a little further on West 66th Street, in a six-story building occupying a 196 feet (60 m) × 379 feet (116 m) plot at 121–135 West End Avenue. The block of West End Avenue housing the ABC News building was renamed Peter Jennings Way in 2006 in honor of the recently deceased longtime ABC News chief anchor and anchor of World News Tonight.",
    "answers": {
      "text": [
        "Peter Jennings",
        "Peter Jennings",
        "Peter Jennings"
      ],
      "answer_start": [
        468,
        468,
        468
      ]
    }
  },
  {
    "id": "q0019",
    "question": "What show did Peter Jennings anchor for ABC?",
    "context": "ABC also owns the Times Square Studios at 1500 Broadway on land in Times Square owned by a development fund for the 42nd Street Project; opened in 1999, Good Morning America and Nightline are broadcast from this particular facility. ABC News has premises a little further on West 66th Street, in a six-story building occupying a 196 feet (60 m) × 379 feet (116 m) plot at 121–135 West End Avenue. The block of West End Avenue housing the ABC News building was renamed Peter Jennings Way in 2006 in honor of the recently deceased longtime ABC News chief anchor and anchor of World News Tonight.",
    "answers": {
      "text": [
        "World News Tonight",
        "World News Tonight",
        "World News Tonight"
      ],
      "answer_start": [
        574,
        574,
        574
      ]
    }
  }
]